2020-07-29 13:53:35.825763,-0.05,-12.06
2020-07-29 13:53:40.830088,-0.05,-12.64
2020-07-29 13:53:45.839041,-0.05,-11.24
2020-07-29 13:53:50.843365,-0.05,-11.93
2020-07-29 13:53:55.847694,0.05,11.06
2020-07-29 13:54:00.857020,0.08,18.61
2020-07-29 13:54:05.862347,0.07,17.0
2020-07-29 13:54:10.867672,0.11,25.29
2020-07-29 13:54:15.876001,-0.01,-1.24
2020-07-29 13:54:20.880326,-0.03,-6.31
2020-07-29 13:54:25.885653,-0.01,-2.65
2020-07-29 13:54:30.893988,-0.03,-8.02
2020-07-29 13:54:35.899307,-0.02,-3.7
2020-07-29 13:54:40.903638,-0.02,-5.43
2020-07-29 13:54:45.912962,-0.02,-4.7
2020-07-29 13:54:50.918299,-0.03,-5.75
2020-07-29 13:54:55.922612,0.41,94.43
2020-07-29 13:55:00.931942,0.76,175.66
2020-07-29 13:55:05.936270,-0.02,-4.41
2020-07-29 13:55:10.941594,1.48,340.19
2020-07-29 13:55:15.949924,-0.02,-3.96
2020-07-29 13:55:20.955248,1.59,365.54
2020-07-29 13:55:25.959576,0.01,3.02
2020-07-29 13:55:30.968916,1.83,419.86
2020-07-29 13:55:35.974228,0.53,121.87
2020-07-29 13:55:40.978328,0.83,190.38
2020-07-29 13:55:45.987654,1.08,248.82
2020-07-29 13:55:50.992980,0.53,122.48
2020-07-29 13:55:55.997306,2.01,462.7
2020-07-29 13:56:01.006634,-0.05,-10.77
2020-07-29 13:56:06.010961,2.59,594.95
2020-07-29 13:56:11.016287,-0.03,-7.47
2020-07-29 13:56:16.024619,1.97,452.11
2020-07-29 13:56:21.029941,-0.01,-1.66
2020-07-29 13:56:26.034270,2.26,520.21
2020-07-29 13:56:31.043198,1.83,419.95
2020-07-29 13:56:36.048521,0.71,163.9
2020-07-29 13:56:41.052849,2.17,498.34
2020-07-29 13:56:46.062178,0.15,34.92
2020-07-29 13:56:51.067548,2.98,684.87
2020-07-29 13:56:56.075880,-0.02,-4.7
2020-07-29 13:57:01.081203,3.23,742.69
2020-07-29 13:57:06.086529,-0.02,-4.95
2020-07-29 13:57:11.090854,3.14,722.52
2020-07-29 13:57:16.099185,0.76,175.56
2020-07-29 13:57:21.104508,0.84,192.65
2020-07-29 13:57:26.112839,2.25,517.31
2020-07-29 13:57:31.118254,0.44,101.19
2020-07-29 13:57:36.123489,1.92,440.77
2020-07-29 13:57:41.131820,1.6,368.2
2020-07-29 13:57:46.137144,0.38,88.02
2020-07-29 13:57:51.142482,2.4,552.2
2020-07-29 13:57:56.147800,-0.06,-14.38
2020-07-29 13:58:01.156129,3.61,831.31
2020-07-29 13:58:06.160450,-0.07,-16.17
2020-07-29 13:58:11.168780,3.31,762.07
2020-07-29 13:58:16.175105,-0.06,-14.57
2020-07-29 13:58:21.179430,1.67,385.17
2020-07-29 13:58:26.187759,0.79,181.29
2020-07-29 13:58:31.193085,1.3,299.1
2020-07-29 13:58:36.198411,1.64,377.82
2020-07-29 13:58:41.202737,0.46,106.58
2020-07-29 13:58:46.211066,2.38,546.56
2020-07-29 13:58:51.216401,-0.06,-14.52
2020-07-29 13:58:56.225720,2.94,675.18
2020-07-29 13:59:01.231045,-0.06,-13.8
2020-07-29 13:59:06.235371,2.86,657.14
2020-07-29 13:59:11.243461,0.43,99.23
2020-07-29 13:59:16.248783,2.52,580.75
2020-07-29 13:59:21.254110,1.78,410.0
2020-07-29 13:59:26.262441,1.37,315.68
2020-07-29 13:59:31.267765,2.32,533.74
2020-07-29 13:59:36.276096,0.16,35.83
2020-07-29 13:59:41.281419,2.43,559.04
2020-07-29 13:59:46.285747,-0.05,-11.87
2020-07-29 13:59:51.295073,4.42,1015.55
2020-07-29 13:59:56.300400,-0.06,-14.93
2020-07-29 14:00:01.304725,2.17,498.6
2020-07-29 14:00:06.314068,0.7,160.55
2020-07-29 14:00:11.318396,1.27,292.52
2020-07-29 14:00:16.323719,1.78,409.86
2020-07-29 14:00:21.333048,0.75,172.13
2020-07-29 14:00:26.337288,1.95,449.55
2020-07-29 14:00:31.342603,-0.05,-11.88
2020-07-29 14:00:36.350933,3.18,730.36
2020-07-29 14:00:41.356257,-0.07,-16.53
2020-07-29 14:00:46.361584,2.8,644.8
2020-07-29 14:00:51.369912,-0.06,-14.3
2020-07-29 14:00:56.375237,1.52,350.24
2020-07-29 14:01:01.379563,0.85,196.65
2020-07-29 14:01:06.387894,1.29,295.9
2020-07-29 14:01:11.393286,1.53,350.88
2020-07-29 14:01:16.401548,0.59,135.21
2020-07-29 14:01:21.406874,2.57,590.89
2020-07-29 14:01:26.412199,1.43,329.96
2020-07-29 14:01:31.420529,9.13,2099.58
2020-07-29 14:01:36.425853,7.36,1692.76
2020-07-29 14:01:41.431179,9.16,2107.61
2020-07-29 14:01:46.439507,7.64,1758.03
2020-07-29 14:01:51.444833,8.74,2010.08
2020-07-29 14:01:56.449161,7.62,1753.05
2020-07-29 14:02:01.458488,8.32,1912.88
2020-07-29 14:02:06.463814,7.94,1825.46
2020-07-29 14:02:11.468139,7.82,1799.56
2020-07-29 14:02:16.476470,8.95,2059.55
2020-07-29 14:02:21.481794,7.46,1715.87
2020-07-29 14:02:26.487120,8.8,2022.94
2020-07-29 14:02:31.495448,7.67,1765.24
2020-07-29 14:02:36.500774,9.49,2181.58
2020-07-29 14:02:41.505103,7.47,1717.83
2020-07-29 14:02:46.514429,8.55,1967.18
2020-07-29 14:02:51.518759,8.08,1857.57
2020-07-29 14:02:56.524080,8.03,1845.86
2020-07-29 14:03:01.532409,8.26,1899.59
2020-07-29 14:03:06.537735,7.8,1794.24
2020-07-29 14:03:11.543061,8.65,1990.28
2020-07-29 14:03:16.552390,7.54,1735.03
2020-07-29 14:03:21.556715,8.89,2045.1
2020-07-29 14:03:26.561755,7.61,1750.47
2020-07-29 14:03:31.570085,8.84,2033.92
2020-07-29 14:03:36.575409,7.56,1738.51
2020-07-29 14:03:41.583743,8.13,1869.28
2020-07-29 14:03:46.589063,8.4,1932.5
2020-07-29 14:03:51.593391,8.33,1915.56
2020-07-29 14:03:56.602717,9.04,2078.98
2020-07-29 14:04:01.607045,7.58,1742.5
2020-07-29 14:04:06.612369,9.02,2074.15
2020-07-29 14:04:11.616696,7.54,1733.6
2020-07-29 14:04:16.626025,8.42,1936.63
2020-07-29 14:04:21.631350,7.53,1732.21
2020-07-29 14:04:26.639679,8.91,2049.48
2020-07-29 14:04:31.645004,7.76,1783.96
2020-07-29 14:04:36.649331,8.47,1948.97
2020-07-29 14:04:41.658658,8.1,1862.01
2020-07-29 14:04:46.663985,7.93,1823.37
2020-07-29 14:04:51.668311,8.46,1946.27
2020-07-29 14:04:56.677639,7.51,1727.22
2020-07-29 14:05:01.681964,9.6,2207.22
2020-07-29 14:05:06.687291,4.43,1019.83
2020-07-29 14:05:11.695557,2.1,483.3
2020-07-29 14:05:16.701292,1.49,343.78
2020-07-29 14:05:21.709666,1.1,253.47
2020-07-29 14:05:26.714945,3.13,720.46
2020-07-29 14:05:31.719274,0.17,38.19
2020-07-29 14:05:36.728600,3.63,835.21
2020-07-29 14:05:41.733927,-0.06,-14.15
2020-07-29 14:05:46.738251,3.51,808.05
2020-07-29 14:05:51.747580,-0.06,-14.3
2020-07-29 14:05:56.751924,1.77,407.27
2020-07-29 14:06:01.757232,0.97,223.36
2020-07-29 14:06:06.765564,1.8,414.99
2020-07-29 14:06:11.770886,1.46,334.93
2020-07-29 14:06:16.775212,0.8,183.38
2020-07-29 14:06:21.784541,2.53,582.89
2020-07-29 14:06:26.789868,-0.05,-12.52
2020-07-29 14:06:31.798195,2.8,643.88
2020-07-29 14:06:36.802524,-0.05,-12.64
2020-07-29 14:06:41.807847,3.05,701.3
2020-07-29 14:06:46.817176,-0.06,-13.41
2020-07-29 14:06:51.821505,2.23,513.58
2020-07-29 14:06:56.826827,0.64,147.73
2020-07-29 14:07:01.831153,0.94,216.44
2020-07-29 14:07:06.840482,1.5,346.08
2020-07-29 14:07:11.844811,0.64,146.6
2020-07-29 14:07:16.854136,2.25,517.87
2020-07-29 14:07:21.859463,-0.05,-11.93
2020-07-29 14:07:26.863854,3.03,697.83
2020-07-29 14:07:31.872119,-0.06,-12.7
2020-07-29 14:07:36.877446,3.67,843.94
2020-07-29 14:07:41.882768,-0.05,-12.58
2020-07-29 14:07:46.891100,2.09,480.25
2020-07-29 14:07:51.896423,0.98,226.13
2020-07-29 14:07:56.901749,1.15,265.57
2020-07-29 14:08:01.910118,1.91,440.33
2020-07-29 14:08:06.915403,0.56,129.43
2020-07-29 14:08:11.919729,1.89,435.78
2020-07-29 14:08:16.928279,-0.06,-14.78
2020-07-29 14:08:21.933604,2.54,584.6
2020-07-29 14:08:26.938930,-0.07,-15.06
2020-07-29 14:08:31.947267,2.62,602.67
2020-07-29 14:08:36.952585,0.8,184.54
2020-07-29 14:08:41.956913,1.37,314.21
2020-07-29 14:08:46.966239,1.82,417.53
2020-07-29 14:08:51.970568,1.01,232.16
2020-07-29 14:08:56.975891,2.45,564.47
2020-07-29 14:09:01.985219,0.18,40.87
2020-07-29 14:09:06.989545,3.12,716.47
2020-07-29 14:09:11.997876,-0.06,-13.89
2020-07-29 14:09:17.003200,3.36,772.18
2020-07-29 14:09:22.008526,-0.06,-12.92
2020-07-29 14:09:27.016857,2.18,501.36
2020-07-29 14:09:32.022180,0.46,105.48
2020-07-29 14:09:37.026508,1.18,271.79
2020-07-29 14:09:42.035836,1.1,251.86
2020-07-29 14:09:47.041160,0.86,198.88
2020-07-29 14:09:52.045486,2.79,642.14
2020-07-29 14:09:57.054815,-0.06,-12.9
2020-07-29 14:10:02.059143,3.54,815.16
2020-07-29 14:10:07.064467,-0.05,-12.42
2020-07-29 14:10:12.073803,2.64,606.94
2020-07-29 14:10:17.078121,-0.06,-13.18
2020-07-29 14:10:22.082449,1.76,405.35
2020-07-29 14:10:27.092775,0.81,186.36
2020-07-29 14:10:32.097102,1.47,338.5
2020-07-29 14:10:37.101427,1.61,370.78
2020-07-29 14:10:42.110756,0.27,61.34
2020-07-29 14:10:47.115084,2.7,620.09
2020-07-29 14:10:52.124411,-0.06,-14.3
2020-07-29 14:10:57.128739,3.11,715.81
2020-07-29 14:11:02.134064,-0.07,-15.01
2020-07-29 14:11:07.142393,3.25,747.32
2020-07-29 14:11:12.147716,-0.06,-13.82
2020-07-29 14:11:17.152971,1.76,404.0
2020-07-29 14:11:22.162299,1.06,244.37
2020-07-29 14:11:27.166625,1.6,368.59
2020-07-29 14:11:32.174955,2.03,467.01
2020-07-29 14:11:37.180278,0.52,118.74
2020-07-29 14:11:42.185605,1.99,458.71
2020-07-29 14:11:47.189933,-0.06,-13.18
2020-07-29 14:11:52.199260,2.92,671.02
2020-07-29 14:11:57.204586,-0.07,-15.42
2020-07-29 14:12:02.212914,2.79,641.41
2020-07-29 14:12:07.217238,0.83,192.01
2020-07-29 14:12:12.222566,1.86,428.3
2020-07-29 14:12:17.230896,1.24,284.9
2020-07-29 14:12:22.237221,1.33,306.39
2020-07-29 14:12:27.241546,1.87,429.61
2020-07-29 14:12:32.249876,0.24,55.15
2020-07-29 14:12:37.255201,3.06,704.66
2020-07-29 14:12:42.259529,-0.06,-14.3
2020-07-29 14:12:47.268855,2.73,628.68
2020-07-29 14:12:52.273183,-0.07,-16.94
2020-07-29 14:12:57.278507,2.13,489.8
2020-07-29 14:13:02.286838,0.74,169.21
2020-07-29 14:13:07.292163,1.16,266.43
2020-07-29 14:13:12.297488,1.71,392.42
2020-07-29 14:13:17.305818,0.92,212.5
2020-07-29 14:13:22.311142,2.48,569.37
2020-07-29 14:13:27.315470,-0.06,-13.05
2020-07-29 14:13:32.324796,3.0,689.6
2020-07-29 14:13:37.329124,-0.05,-11.93
2020-07-29 14:13:42.334448,2.85,656.1
2020-07-29 14:13:47.342778,-0.07,-16.53
2020-07-29 14:13:52.348105,1.93,444.2
2020-07-29 14:13:57.356433,1.31,300.55
2020-07-29 14:14:02.361759,0.65,149.81
2020-07-29 14:14:07.367083,1.92,441.58
2020-07-29 14:14:12.375413,-0.06,-14.16
2020-07-29 14:14:17.381049,3.42,787.72
2020-07-29 14:14:22.385380,-0.04,-10.18
2020-07-29 14:14:27.393706,2.93,674.66
2020-07-29 14:14:32.399032,-0.06,-14.93
2020-07-29 14:14:37.404356,2.7,621.84
2020-07-29 14:14:42.413697,0.89,205.44
2020-07-29 14:14:47.418009,1.03,236.85
2020-07-29 14:14:52.423349,1.61,371.44
2020-07-29 14:14:57.431715,0.27,62.86
2020-07-29 14:15:02.436990,2.58,593.05
2020-07-29 14:15:07.442316,-0.06,-13.84
2020-07-29 14:15:12.450645,1.9,436.41
2020-07-29 14:15:17.454973,-0.05,-12.01
2020-07-29 14:15:22.460297,2.42,557.12
2020-07-29 14:15:27.469626,-0.05,-11.52
2020-07-29 14:15:32.473957,1.84,422.49
2020-07-29 14:15:37.482280,1.48,341.09
2020-07-29 14:15:42.487608,1.28,293.67
2020-07-29 14:15:47.492930,2.42,557.16
2020-07-29 14:15:52.501262,0.22,50.3
2020-07-29 14:15:57.506586,3.07,706.6
2020-07-29 14:16:02.511912,-0.06,-13.41
2020-07-29 14:16:07.516237,2.85,654.43
2020-07-29 14:16:12.524565,-0.06,-13.41
2020-07-29 14:16:17.529912,2.43,558.9
2020-07-29 14:16:22.539221,0.24,55.88
2020-07-29 14:16:27.544551,1.78,409.99
2020-07-29 14:16:32.548120,1.08,249.34
2020-07-29 14:16:37.557448,0.76,174.68
2020-07-29 14:16:42.562775,2.48,570.41
2020-07-29 14:16:47.568101,-0.04,-9.32
2020-07-29 14:16:52.576428,2.92,671.95
2020-07-29 14:16:57.581755,-0.03,-6.94
2020-07-29 14:17:02.586081,2.86,658.21
2020-07-29 14:17:07.595195,-0.03,-5.91
2020-07-29 14:17:12.600019,1.95,448.25
2020-07-29 14:17:17.608350,0.93,214.37
2020-07-29 14:17:22.613673,1.32,304.62
2020-07-29 14:17:27.618002,1.54,354.68
2020-07-29 14:17:32.627327,0.54,123.58
2020-07-29 14:17:37.631654,2.6,597.76
2020-07-29 14:17:42.636986,-0.03,-7.23
2020-07-29 14:17:47.645308,2.73,627.72
2020-07-29 14:17:52.650633,-0.03,-6.14
2020-07-29 14:17:57.659962,3.23,744.01
2020-07-29 14:18:02.664291,-0.03,-7.83
2020-07-29 14:18:07.669316,1.94,446.74
2020-07-29 14:18:12.674640,0.76,175.85
2020-07-29 14:18:17.682966,1.57,360.06
2020-07-29 14:18:22.688294,1.24,285.52
2020-07-29 14:18:27.693623,0.42,96.06
2020-07-29 14:18:32.701948,2.39,550.61
2020-07-29 14:18:37.706274,-0.04,-8.21
2020-07-29 14:18:42.715672,3.7,851.96
2020-07-29 14:18:47.720929,-0.04,-9.32
2020-07-29 14:18:52.726254,2.44,561.54
2020-07-29 14:18:57.734583,0.84,193.52
2020-07-29 14:19:02.739909,1.65,379.13
2020-07-29 14:19:07.744235,1.73,398.92
2020-07-29 14:19:12.753563,0.53,122.7
2020-07-29 14:19:17.757888,2.16,497.6
2020-07-29 14:19:22.763215,0.25,56.8
2020-07-29 14:19:27.771544,3.21,738.14
2020-07-29 14:19:32.776870,-0.01,-2.86
2020-07-29 14:19:37.781197,3.72,856.61
2020-07-29 14:19:42.790524,-0.01,-2.88
2020-07-29 14:19:47.794852,2.23,512.8
2020-07-29 14:19:52.800176,0.35,79.67
2020-07-29 14:19:57.808507,1.14,261.33
2020-07-29 14:20:02.813834,1.95,449.34
2020-07-29 14:20:07.819161,0.79,181.18
2020-07-29 14:20:12.827855,2.18,501.92
2020-07-29 14:20:17.833181,-0.02,-5.32
2020-07-29 14:20:22.837507,2.8,644.65
2020-07-29 14:20:27.845836,-0.04,-8.5
2020-07-29 14:20:32.851161,2.56,589.66
2020-07-29 14:20:37.859488,-0.01,-2.41
2020-07-29 14:20:42.865816,2.61,600.26
2020-07-29 14:20:47.870142,0.81,186.06
2020-07-29 14:20:52.878472,1.27,293.03
2020-07-29 14:20:57.883796,1.43,328.09
2020-07-29 14:21:02.889122,0.42,95.81
2020-07-29 14:21:07.897450,2.11,484.17
2020-07-29 14:21:12.902776,-0.03,-7.51
2020-07-29 14:21:17.908102,2.72,625.55
2020-07-29 14:21:22.916431,-0.03,-6.55
2020-07-29 14:21:27.921762,2.6,597.83
2020-07-29 14:21:32.929087,-0.05,-11.47
2020-07-29 14:21:37.934413,2.09,481.56
2020-07-29 14:21:42.939737,0.83,190.55
2020-07-29 14:21:47.944065,1.25,288.18
2020-07-29 14:21:52.953398,1.31,301.68
2020-07-29 14:21:57.957718,0.34,77.44
2020-07-29 14:22:02.963076,2.83,651.22
2020-07-29 14:22:07.972372,-0.03,-7.47
2020-07-29 14:22:12.976700,2.97,682.11
2020-07-29 14:22:17.986026,-0.01,-3.42
2020-07-29 14:22:22.990354,2.24,515.97
2020-07-29 14:22:27.995677,0.95,218.99
2020-07-29 14:22:33.005007,1.5,344.56
2020-07-29 14:22:38.009333,1.88,431.67
2020-07-29 14:22:43.014659,0.88,201.92
2020-07-29 14:22:48.023075,2.53,582.55
2020-07-29 14:22:53.028313,0.08,18.85
2020-07-29 14:22:58.032641,3.25,747.41
2020-07-29 14:23:03.041967,-0.02,-3.53
2020-07-29 14:23:08.047293,3.09,709.72
2020-07-29 14:23:13.051850,-0.02,-3.81
2020-07-29 14:23:18.060177,1.96,451.7
2020-07-29 14:23:23.065506,0.69,158.85
2020-07-29 14:23:28.073835,1.67,383.36
2020-07-29 14:23:33.079158,2.1,482.55
2020-07-29 14:23:38.084485,0.43,97.75
2020-07-29 14:23:43.092898,2.44,560.2
2020-07-29 14:23:48.098139,-0.01,-2.06
2020-07-29 14:23:53.102468,2.68,617.45
2020-07-29 14:23:58.111794,-0.02,-4.04
2020-07-29 14:24:03.117119,2.44,561.57
2020-07-29 14:24:08.121445,-0.03,-6.23
2020-07-29 14:24:13.130774,1.97,453.76
2020-07-29 14:24:18.135100,0.92,211.71
2020-07-29 14:24:23.140430,1.42,327.33
2020-07-29 14:24:28.149755,1.93,444.88
2020-07-29 14:24:33.154081,0.92,211.22
2020-07-29 14:24:38.162408,2.16,497.72
2020-07-29 14:24:43.167735,-0.03,-6.25
2020-07-29 14:24:48.172063,3.11,715.88
2020-07-29 14:24:53.181389,-0.03,-6.31
2020-07-29 14:24:58.185715,2.31,531.3
2020-07-29 14:25:03.191071,-0.02,-4.92
2020-07-29 14:25:08.199371,2.57,592.1
2020-07-29 14:25:13.205695,0.87,199.18
2020-07-29 14:25:18.210020,1.26,288.69
2020-07-29 14:25:23.218350,0.82,189.45
2020-07-29 14:25:28.223676,0.1,22.55
2020-07-29 14:25:33.228000,0.09,21.71
2020-07-29 14:25:38.237330,0.12,28.3
2020-07-29 14:25:43.242656,0.12,28.04
2020-07-29 14:25:48.247017,0.14,31.28
2020-07-29 14:25:53.256311,0.07,17.12
2020-07-29 14:25:58.260639,0.1,23.96
2020-07-29 14:26:03.265962,0.08,19.42
2020-07-29 14:26:08.275291,0.07,15.97
2020-07-29 14:26:13.279920,0.09,20.03
2020-07-29 14:26:18.284326,0.03,5.77
2020-07-29 14:26:23.293575,-0.01,-1.52
2020-07-29 14:26:28.297903,-0.0,-0.55
2020-07-29 14:26:33.307230,-0.02,-4.67
2020-07-29 14:26:38.311558,-0.01,-2.15
2020-07-29 14:26:43.316881,-0.02,-5.29
2020-07-29 14:26:48.326210,-0.04,-9.04
2020-07-29 14:26:53.330614,2.62,601.48
2020-07-29 14:26:58.335862,-0.02,-3.96
2020-07-29 14:27:03.345191,1.87,429.48
2020-07-29 14:27:08.349518,0.45,104.16
2020-07-29 14:27:13.353844,1.26,289.51
2020-07-29 14:27:18.363170,1.88,431.75
2020-07-29 14:27:23.368497,0.14,31.87
2020-07-29 14:27:28.376825,2.58,592.28
2020-07-29 14:27:33.381153,-0.02,-4.85
2020-07-29 14:27:38.386564,3.23,741.83
2020-07-29 14:27:43.394807,0.0,0.14
2020-07-29 14:27:48.400133,2.14,492.88
2020-07-29 14:27:53.405458,0.98,224.5
2020-07-29 14:27:58.409783,1.84,422.54
2020-07-29 14:28:03.419111,2.02,464.14
2020-07-29 14:28:08.424437,0.94,217.1
2020-07-29 14:28:13.432765,2.11,484.85
2020-07-29 14:28:18.438092,-0.03,-6.85
2020-07-29 14:28:23.442436,2.85,655.37
2020-07-29 14:28:28.451747,1.99,457.13
2020-07-29 14:28:33.456072,1.19,273.04
2020-07-29 14:28:38.464404,1.03,235.89
2020-07-29 14:28:43.469726,2.05,471.29
2020-07-29 14:28:48.475054,0.16,36.86
2020-07-29 14:28:53.480379,3.26,749.3
2020-07-29 14:28:58.489708,-0.01,-2.77
2020-07-29 14:29:03.494035,2.77,637.47
2020-07-29 14:29:08.502362,-0.03,-6.29
2020-07-29 14:29:13.508310,2.82,649.21
2020-07-29 14:29:18.512634,0.63,143.95
2020-07-29 14:29:23.521964,1.83,420.17
2020-07-29 14:29:28.526290,1.54,354.47
2020-07-29 14:29:33.530616,0.53,120.96
2020-07-29 14:29:38.539944,2.51,578.37
2020-07-29 14:29:43.545271,-0.03,-7.49
2020-07-29 14:29:48.553623,2.39,549.73
2020-07-29 14:29:53.558924,-0.03,-6.14
2020-07-29 14:29:58.563251,3.53,812.93
2020-07-29 14:30:03.572579,-0.03,-7.3
2020-07-29 14:30:08.576906,2.05,471.6
2020-07-29 14:30:13.582230,1.04,239.56
2020-07-29 14:30:18.590560,1.05,241.73
2020-07-29 14:30:23.595884,1.91,439.09
2020-07-29 14:30:28.600211,0.41,94.25
2020-07-29 14:30:33.610540,3.11,716.0
2020-07-29 14:30:38.614865,-0.03,-7.85
2020-07-29 14:30:43.619194,2.73,626.79
2020-07-29 14:30:48.628520,-0.03,-7.46
2020-07-29 14:30:53.633846,3.04,698.27
2020-07-29 14:30:58.642174,-0.01,-2.85
2020-07-29 14:31:03.646501,2.21,507.62
2020-07-29 14:31:08.651826,0.33,74.92
2020-07-29 14:31:13.657153,1.23,282.29
2020-07-29 14:31:18.666481,2.01,462.4
2020-07-29 14:31:23.670807,0.49,112.65
2020-07-29 14:31:28.675135,2.53,580.95
2020-07-29 14:31:33.684461,-0.03,-7.16
2020-07-29 14:31:38.688789,3.07,705.28
2020-07-29 14:31:43.698115,-0.03,-5.9
2020-07-29 14:31:48.703442,3.41,783.44
2020-07-29 14:31:53.707767,0.46,106.88
2020-07-29 14:31:58.716095,1.7,392.07
2020-07-29 14:32:03.721424,1.6,367.12
2020-07-29 14:32:08.726748,1.01,233.14
2020-07-29 14:32:13.735620,2.92,672.28
2020-07-29 14:32:18.739948,0.21,47.59
2020-07-29 14:32:23.745272,3.59,826.84
2020-07-29 14:32:28.754600,-0.03,-7.18
2020-07-29 14:32:33.758926,0.02,5.56
2020-07-29 14:32:38.764252,0.11,25.43
2020-07-29 14:32:43.772583,0.08,17.52
2020-07-29 14:32:48.777907,0.1,21.97
2020-07-29 14:32:53.786235,0.07,16.89
2020-07-29 14:32:58.791561,0.11,25.98
2020-07-29 14:33:03.796886,0.09,20.25
2020-07-29 14:33:08.801213,0.08,19.34
2020-07-29 14:33:13.809541,0.12,26.61
2020-07-29 14:33:18.814878,0.06,13.49
2020-07-29 14:33:23.824195,0.12,27.71
2020-07-29 14:33:28.828524,0.06,14.27
2020-07-29 14:33:33.833848,-0.01,-1.52
2020-07-29 14:33:38.842179,-0.02,-5.42
2020-07-29 14:33:43.847502,-0.01,-3.12
2020-07-29 14:33:48.851829,-0.02,-4.8
2020-07-29 14:33:53.861156,0.0,0.07
2020-07-29 14:33:58.866482,-0.03,-7.44
2020-07-29 14:34:03.870808,0.64,147.85
2020-07-29 14:34:08.880137,2.6,598.24
2020-07-29 14:34:13.884463,-0.01,-2.91
2020-07-29 14:34:18.889791,2.04,468.75
2020-07-29 14:34:23.898120,-0.01,-2.11
2020-07-29 14:34:28.903443,2.02,464.67
2020-07-29 14:34:33.911774,0.27,61.75
2020-07-29 14:34:38.917100,1.27,293.03
2020-07-29 14:34:43.922423,1.56,358.94
2020-07-29 14:34:48.930758,0.32,73.46
2020-07-29 14:34:53.936079,2.5,574.36
2020-07-29 14:34:58.940406,-0.02,-4.71
2020-07-29 14:35:03.949732,2.85,655.56
2020-07-29 14:35:08.954065,-0.02,-4.56
2020-07-29 14:35:13.962797,2.45,562.81
2020-07-29 14:35:18.968120,0.59,136.58
2020-07-29 14:35:23.973447,2.0,461.05
2020-07-29 14:35:28.981778,1.93,445.04
2020-07-29 14:35:33.987101,0.37,85.62
2020-07-29 14:35:38.991429,1.93,443.48
2020-07-29 14:35:44.000756,-0.01,-1.8
2020-07-29 14:35:49.005084,1.66,382.4
2020-07-29 14:35:54.010407,3.04,699.41
2020-07-29 14:35:59.018738,-0.03,-7.77
2020-07-29 14:36:04.024061,2.37,545.84
2020-07-29 14:36:09.033390,0.61,140.67
2020-07-29 14:36:14.037719,1.58,362.94
2020-07-29 14:36:19.043042,1.93,445.05
2020-07-29 14:36:24.047370,0.92,211.04
2020-07-29 14:36:29.056697,2.53,581.81
2020-07-29 14:36:34.062022,-0.03,-5.9
2020-07-29 14:36:39.066348,3.21,738.13
2020-07-29 14:36:44.075677,-0.02,-5.02
2020-07-29 14:36:49.080003,3.38,778.53
2020-07-29 14:36:54.088332,-0.04,-9.26
2020-07-29 14:36:59.093660,2.48,570.75
2020-07-29 14:37:04.098984,0.35,79.74
2020-07-29 14:37:09.107311,1.49,342.98
2020-07-29 14:37:14.112637,1.31,301.31
2020-07-29 14:37:19.117963,0.3,68.63
2020-07-29 14:37:24.126292,2.53,581.01
2020-07-29 14:37:29.131618,-0.03,-7.87
2020-07-29 14:37:34.135946,3.76,865.23
2020-07-29 14:37:39.145273,-0.05,-10.92
2020-07-29 14:37:44.149601,3.22,740.1
2020-07-29 14:37:49.154924,0.88,201.35
2020-07-29 14:37:54.164253,1.91,440.04
2020-07-29 14:37:59.168578,1.63,374.92
2020-07-29 14:38:04.176906,0.55,126.07
2020-07-29 14:38:09.182233,2.66,612.23
2020-07-29 14:38:14.187552,-0.04,-8.39
2020-07-29 14:38:19.191879,3.78,869.16
2020-07-29 14:38:24.201206,-0.04,-8.26
2020-07-29 14:38:29.205533,2.54,583.22
2020-07-29 14:38:34.210857,-0.02,-5.69
2020-07-29 14:38:39.220186,2.3,529.14
2020-07-29 14:38:44.224515,0.45,104.59
2020-07-29 14:38:49.233840,1.56,358.58
2020-07-29 14:38:54.238168,1.69,388.88
2020-07-29 14:38:59.243492,0.74,169.67
2020-07-29 14:39:04.251823,2.5,575.86
2020-07-29 14:39:09.257147,-0.03,-7.15
2020-07-29 14:39:14.262473,3.11,714.28
2020-07-29 14:39:19.270840,-0.02,-5.27
2020-07-29 14:39:24.276127,2.9,666.96
2020-07-29 14:39:29.281453,-0.03,-5.88
2020-07-29 14:39:34.289781,2.71,622.84
2020-07-29 14:39:39.294112,0.51,118.02
2020-07-29 14:39:44.299433,1.72,394.73
2020-07-29 14:39:49.307764,1.42,325.92
2020-07-29 14:39:54.313088,-0.03,-6.98
2020-07-29 14:39:59.321418,0.05,12.05
2020-07-29 14:40:04.326805,0.12,27.95
2020-07-29 14:40:09.332068,0.1,23.22
2020-07-29 14:40:14.340398,0.09,20.58
2020-07-29 14:40:19.345723,0.09,20.53
2020-07-29 14:40:24.351048,0.12,26.61
2020-07-29 14:40:29.359377,0.07,15.93
2020-07-29 14:40:34.364703,0.07,16.14
2020-07-29 14:40:39.369028,0.08,19.53
2020-07-29 14:40:44.378357,0.09,20.4
2020-07-29 14:40:49.382760,0.12,26.7
2020-07-29 14:40:54.388009,0.07,15.68
2020-07-29 14:40:59.396339,0.03,5.85
2020-07-29 14:41:04.401664,-0.0,-1.12
2020-07-29 14:41:09.409996,0.01,2.61
2020-07-29 14:41:14.415574,0.01,1.62
2020-07-29 14:41:19.419900,0.02,4.08
2020-07-29 14:41:24.429228,-0.01,-1.61
2020-07-29 14:41:29.434555,-0.03,-6.89
2020-07-29 14:41:34.442883,2.41,553.59
2020-07-29 14:41:39.448209,-0.0,-0.25
2020-07-29 14:41:44.452561,1.21,277.4
2020-07-29 14:41:49.460865,0.79,182.51
2020-07-29 14:41:54.467196,0.96,221.75
2020-07-29 14:41:59.471515,1.53,351.34
2020-07-29 14:42:04.479846,0.79,182.6
2020-07-29 14:42:09.485169,1.95,448.3
2020-07-29 14:42:14.490495,0.0,0.51
2020-07-29 14:42:19.498823,2.22,509.93
2020-07-29 14:42:24.504150,-0.01,-3.16
2020-07-29 14:42:29.508484,2.73,628.59
2020-07-29 14:42:34.517804,-0.01,-2.04
2020-07-29 14:42:39.522132,2.83,651.85
2020-07-29 14:42:44.527456,0.91,209.22
2020-07-29 14:42:49.536785,1.85,425.89
2020-07-29 14:42:54.541110,1.62,373.23
2020-07-29 14:42:59.546437,0.33,75.52
2020-07-29 14:43:04.554810,2.23,513.49
2020-07-29 14:43:09.560096,0.02,3.94
2020-07-29 14:43:14.568422,3.5,806.1
2020-07-29 14:43:19.573755,2.25,517.65
2020-07-29 14:43:24.578071,0.84,192.59
2020-07-29 14:43:29.587400,1.03,236.73
2020-07-29 14:43:34.592726,1.76,404.34
2020-07-29 14:43:39.597051,0.56,129.75
2020-07-29 14:43:44.606380,2.32,534.03
2020-07-29 14:43:49.610707,-0.03,-6.56
2020-07-29 14:43:54.616032,2.93,674.16
2020-07-29 14:43:59.624363,-0.04,-9.32
2020-07-29 14:44:04.629686,2.97,683.19
2020-07-29 14:44:09.634015,-0.03,-6.25
2020-07-29 14:44:14.643210,2.04,469.63
2020-07-29 14:44:19.648524,0.68,156.32
2020-07-29 14:44:24.656853,1.62,371.95
2020-07-29 14:44:29.662179,1.79,411.77
2020-07-29 14:44:34.666506,0.44,101.18
2020-07-29 14:44:39.671829,2.19,503.85
2020-07-29 14:44:44.680161,-0.01,-2.53
2020-07-29 14:44:49.685484,2.99,688.33
2020-07-29 14:44:54.689813,-0.02,-4.91
2020-07-29 14:44:59.699138,2.78,638.84
2020-07-29 14:45:04.704465,0.52,120.28
2020-07-29 14:45:09.712794,1.92,440.69
2020-07-29 14:45:14.718119,1.49,343.06
2020-07-29 14:45:19.722448,1.16,266.4
2020-07-29 14:45:24.731773,2.94,675.26
2020-07-29 14:45:29.737349,0.19,44.81
2020-07-29 14:45:34.741425,2.61,599.55
2020-07-29 14:45:39.749756,-0.03,-6.5
2020-07-29 14:45:44.755079,3.62,832.23
2020-07-29 14:45:49.760406,-0.02,-5.34
2020-07-29 14:45:54.768737,2.54,584.42
2020-07-29 14:45:59.774060,0.35,80.2
2020-07-29 14:46:04.778388,1.78,408.54
2020-07-29 14:46:09.787715,1.48,341.47
2020-07-29 14:46:14.793040,0.8,184.42
2020-07-29 14:46:19.801371,2.28,524.91
2020-07-29 14:46:24.806695,-0.02,-5.29
2020-07-29 14:46:29.811021,2.77,636.21
2020-07-29 14:46:34.816347,-0.05,-10.72
2020-07-29 14:46:39.824678,3.03,695.79
2020-07-29 14:46:44.830001,-0.03,-7.01
2020-07-29 14:46:49.838332,1.64,377.17
2020-07-29 14:46:54.843661,0.87,200.53
2020-07-29 14:46:59.851986,1.58,362.34
2020-07-29 14:47:04.857310,2.04,469.35
2020-07-29 14:47:09.862636,0.37,84.01
2020-07-29 14:47:14.867104,1.84,423.17
2020-07-29 14:47:19.876426,0.03,7.19
2020-07-29 14:47:24.880754,0.07,15.36
2020-07-29 14:47:29.890081,0.08,18.67
2020-07-29 14:47:34.894409,0.06,14.71
2020-07-29 14:47:39.899733,0.11,24.72
2020-07-29 14:47:44.908063,0.1,23.52
2020-07-29 14:47:49.913388,0.09,20.21
2020-07-29 14:47:54.918713,0.08,18.72
2020-07-29 14:47:59.927042,0.1,23.77
2020-07-29 14:48:04.932367,0.08,19.0
2020-07-29 14:48:09.937695,0.09,19.65
2020-07-29 14:48:14.946022,0.07,16.03
2020-07-29 14:48:19.951350,0.12,27.5
2020-07-29 14:48:24.955673,2.1,482.55
2020-07-29 14:48:29.965002,2.64,608.08
2020-07-29 14:48:34.969331,2.33,536.88
2020-07-29 14:48:39.978657,0.87,200.3
2020-07-29 14:48:44.982984,1.09,251.12
2020-07-29 14:48:49.988310,0.88,203.44
2020-07-29 14:48:54.996639,1.12,257.54
2020-07-29 14:49:00.001963,0.91,208.97
2020-07-29 14:49:05.007289,1.04,239.99
2020-07-29 14:49:10.015618,0.79,182.31
2020-07-29 14:49:15.020943,1.31,301.86
2020-07-29 14:49:20.025272,0.98,225.78
2020-07-29 14:49:25.034598,1.01,231.88
2020-07-29 14:49:30.039924,0.39,88.88
2020-07-29 14:49:35.048252,0.94,215.94
2020-07-29 14:49:40.053578,0.73,167.68
2020-07-29 14:49:45.057903,1.05,241.19
2020-07-29 14:49:50.066235,0.82,188.4
2020-07-29 14:49:55.071560,1.32,302.51
2020-07-29 14:50:00.076884,0.7,160.39
2020-07-29 14:50:05.085215,0.54,125.09
2020-07-29 14:50:10.090539,0.37,84.13
2020-07-29 14:50:15.094902,0.46,105.26
2020-07-29 14:50:20.104228,0.74,170.81
2020-07-29 14:50:25.108556,0.79,181.15
2020-07-29 14:50:30.113880,0.77,176.07
2020-07-29 14:50:35.123214,1.09,250.97
2020-07-29 14:50:40.127537,1.12,258.14
2020-07-29 14:50:45.136863,1.19,273.19
2020-07-29 14:50:50.141191,0.74,169.48
2020-07-29 14:50:55.146515,0.92,211.34
2020-07-29 14:51:00.151841,0.97,222.35
2020-07-29 14:51:05.161170,0.37,84.72
2020-07-29 14:51:10.165500,0.44,100.53
2020-07-29 14:51:15.169864,0.46,106.18
2020-07-29 14:51:20.179150,0.59,135.6
2020-07-29 14:51:25.184476,0.81,186.86
2020-07-29 14:51:30.192804,0.79,180.72
2020-07-29 14:51:35.197132,0.9,206.02
2020-07-29 14:51:40.202456,0.92,212.59
2020-07-29 14:51:45.211785,1.34,307.25
2020-07-29 14:51:50.216143,1.48,340.53
2020-07-29 14:51:55.221436,1.43,328.95
2020-07-29 14:52:00.229768,0.91,208.72
2020-07-29 14:52:05.235092,0.97,223.69
2020-07-29 14:52:10.239419,0.99,227.43
2020-07-29 14:52:15.248744,0.94,215.53
2020-07-29 14:52:20.254071,0.75,171.54
2020-07-29 14:52:25.258397,0.41,93.63
2020-07-29 14:52:30.266728,0.45,102.87
2020-07-29 14:52:35.272112,0.41,95.2
2020-07-29 14:52:40.280381,0.47,107.79
2020-07-29 14:52:45.286706,0.71,163.98
2020-07-29 14:52:50.291032,0.75,171.93
2020-07-29 14:52:55.299363,0.78,178.96
2020-07-29 14:53:00.304686,0.89,205.19
2020-07-29 14:53:05.314015,0.51,116.43
2020-07-29 14:53:10.318341,0.09,21.0
2020-07-29 14:53:15.323624,0.08,19.03
2020-07-29 14:53:20.327952,-0.05,-10.92
2020-07-29 14:53:25.337278,-0.04,-9.4
2020-07-29 14:53:30.342604,-0.03,-5.88
2020-07-29 14:53:35.346930,-0.04,-9.86
2020-07-29 14:53:40.356259,-0.02,-5.39
2020-07-29 14:53:45.360584,-0.03,-6.89
2020-07-29 14:53:50.368914,-0.03,-7.7
2020-07-29 14:53:55.374241,-0.03,-7.92
2020-07-29 14:54:00.379565,-0.03,-6.68
2020-07-29 14:54:05.387895,-0.04,-8.4
2020-07-29 14:54:10.393219,-0.03,-6.89
2020-07-29 14:54:15.398547,-0.02,-3.69
2020-07-29 14:54:20.406873,-0.02,-4.33
2020-07-29 14:54:25.412209,-0.04,-8.39
2020-07-29 14:54:30.416561,-0.04,-9.39
2020-07-29 14:54:35.425854,-0.03,-6.42
2020-07-29 14:54:40.431180,-0.03,-7.23
2020-07-29 14:54:45.435506,-0.02,-4.28
2020-07-29 14:54:50.444835,-0.05,-10.76
2020-07-29 14:54:55.449160,-0.03,-6.3
