2020-07-25 19:08:58.923142,-0.03,-7.07
2020-07-25 19:09:03.927470,-0.02,-5.69
2020-07-25 19:09:08.936796,-0.02,-4.01
2020-07-25 19:09:13.942124,-0.02,-3.95
2020-07-25 19:09:18.946448,-0.01,-3.21
2020-07-25 19:09:23.951793,0.02,4.93
2020-07-25 19:09:28.960105,0.1,23.5
2020-07-25 19:09:33.965429,0.1,22.32
2020-07-25 19:09:38.974757,0.1,23.67
2020-07-25 19:09:43.979083,0.08,18.41
2020-07-25 19:09:48.983411,0.01,3.39
2020-07-25 19:09:53.992737,0.01,1.56
2020-07-25 19:09:58.997062,-0.01,-2.74
2020-07-25 19:10:04.002389,0.0,0.4
2020-07-25 19:10:09.010723,-0.03,-7.76
2020-07-25 19:10:14.017044,-0.01,-2.57
2020-07-25 19:10:19.021156,0.0,0.85
2020-07-25 19:10:24.029484,-0.01,-3.36
2020-07-25 19:10:29.034812,0.87,200.24
2020-07-25 19:10:34.040136,1.54,353.25
2020-07-25 19:10:39.048467,1.14,262.25
2020-07-25 19:10:44.053791,0.98,226.07
2020-07-25 19:10:49.058119,1.45,333.94
2020-07-25 19:10:54.067446,0.98,224.57
2020-07-25 19:10:59.072694,1.16,266.21
2020-07-25 19:11:04.077023,2.44,560.23
2020-07-25 19:11:09.086348,1.16,266.71
2020-07-25 19:11:14.091678,2.16,496.24
2020-07-25 19:11:19.095764,2.32,533.78
2020-07-25 19:11:24.105093,0.5,113.91
2020-07-25 19:11:29.109422,2.35,540.0
2020-07-25 19:11:34.118748,0.66,150.84
2020-07-25 19:11:39.123073,2.66,610.94
2020-07-25 19:11:44.128399,2.4,551.96
2020-07-25 19:11:49.132727,0.77,176.11
2020-07-25 19:11:54.142093,2.22,509.58
2020-07-25 19:11:59.147380,0.94,215.89
2020-07-25 19:12:04.151730,2.95,678.04
2020-07-25 19:12:09.161034,2.49,571.86
2020-07-25 19:12:14.165365,0.79,182.67
2020-07-25 19:12:19.174689,2.77,637.15
2020-07-25 19:12:24.179017,0.7,160.19
2020-07-25 19:12:29.184340,2.72,625.43
2020-07-25 19:12:34.193670,2.51,577.42
2020-07-25 19:12:39.197999,0.21,49.32
2020-07-25 19:12:44.203321,2.47,567.72
2020-07-25 19:12:49.211652,0.4,90.93
2020-07-25 19:12:54.216975,3.79,872.31
2020-07-25 19:12:59.221303,3.71,852.55
2020-07-25 19:13:04.230631,0.3,70.03
2020-07-25 19:13:09.234958,3.11,715.06
2020-07-25 19:13:14.240282,0.28,64.65
2020-07-25 19:13:19.248612,3.35,769.87
2020-07-25 19:13:24.254013,2.97,682.83
2020-07-25 19:13:29.259262,0.14,32.43
2020-07-25 19:13:34.267592,3.55,817.63
2020-07-25 19:13:39.272946,0.1,23.21
2020-07-25 19:13:44.277274,3.73,858.02
2020-07-25 19:13:49.286601,2.83,650.7
2020-07-25 19:13:54.290929,-0.02,-4.2
2020-07-25 19:13:59.300255,3.43,788.91
2020-07-25 19:14:04.305581,-0.03,-6.2
2020-07-25 19:14:09.309964,4.19,963.24
2020-07-25 19:14:14.318237,3.4,781.36
2020-07-25 19:14:19.323564,-0.02,-4.84
2020-07-25 19:14:24.328794,3.27,751.85
2020-07-25 19:14:29.337124,-0.02,-4.25
2020-07-25 19:14:34.342491,2.36,542.16
2020-07-25 19:14:39.347774,3.69,849.35
2020-07-25 19:14:44.356105,-0.03,-5.88
2020-07-25 19:14:49.361222,3.28,754.23
2020-07-25 19:14:54.369553,-0.01,-3.21
2020-07-25 19:14:59.374878,3.2,735.34
2020-07-25 19:15:04.380203,3.2,735.4
2020-07-25 19:15:09.388533,-0.01,-2.88
2020-07-25 19:15:14.393857,3.26,749.15
2020-07-25 19:15:19.398185,-0.02,-4.92
2020-07-25 19:15:24.407511,3.17,729.01
2020-07-25 19:15:29.411839,3.79,870.76
2020-07-25 19:15:34.417163,-0.01,-2.71
2020-07-25 19:15:39.425494,3.64,838.08
2020-07-25 19:15:44.431818,-0.03,-5.9
2020-07-25 19:15:49.436144,3.98,915.53
2020-07-25 19:15:54.444474,2.71,624.27
2020-07-25 19:15:59.449798,-0.02,-5.69
2020-07-25 19:16:04.454126,3.16,726.87
2020-07-25 19:16:09.463453,-0.02,-4.82
2020-07-25 19:16:14.468779,3.44,791.06
2020-07-25 19:16:19.477109,3.47,797.39
2020-07-25 19:16:24.481435,-0.02,-4.07
2020-07-25 19:16:29.486761,3.02,694.41
2020-07-25 19:16:34.496088,0.27,62.02
2020-07-25 19:16:39.501413,3.35,769.37
2020-07-25 19:16:44.505739,4.0,920.14
2020-07-25 19:16:49.514070,0.62,143.48
2020-07-25 19:16:54.519393,2.93,674.82
2020-07-25 19:16:59.524720,0.75,172.28
2020-07-25 19:17:04.533049,3.4,782.64
2020-07-25 19:17:09.538374,3.05,701.86
2020-07-25 19:17:14.542702,0.6,137.03
2020-07-25 19:17:19.552029,7.03,1617.89
2020-07-25 19:17:24.557355,9.1,2092.07
2020-07-25 19:17:29.565683,8.15,1874.11
2020-07-25 19:17:34.570822,8.7,1999.9
2020-07-25 19:17:39.576148,9.04,2079.02
2020-07-25 19:17:44.580474,8.35,1919.68
2020-07-25 19:17:49.588804,8.29,1906.0
2020-07-25 19:17:54.594128,8.77,2017.65
2020-07-25 19:17:59.598456,8.28,1904.36
2020-07-25 19:18:04.607782,8.29,1905.72
2020-07-25 19:18:09.613109,8.77,2017.24
2020-07-25 19:18:14.621440,8.5,1955.69
2020-07-25 19:18:19.626763,8.58,1973.55
2020-07-25 19:18:24.631090,8.61,1980.2
2020-07-25 19:18:29.640418,8.25,1898.6
2020-07-25 19:18:34.645745,8.28,1905.46
2020-07-25 19:18:39.650069,9.14,2101.39
2020-07-25 19:18:44.658400,8.22,1890.34
2020-07-25 19:18:49.663725,8.23,1893.96
2020-07-25 19:18:54.669050,8.98,2065.79
2020-07-25 19:18:59.677380,8.38,1927.93
2020-07-25 19:19:04.682704,8.43,1939.42
2020-07-25 19:19:09.691035,8.81,2026.2
2020-07-25 19:19:14.696358,8.21,1888.35
2020-07-25 19:19:19.700686,8.07,1856.39
2020-07-25 19:19:24.706078,9.04,2079.52
2020-07-25 19:19:29.715407,8.29,1905.87
2020-07-25 19:19:34.719753,8.49,1953.28
2020-07-25 19:19:39.725059,8.66,1992.74
2020-07-25 19:19:44.733390,8.5,1954.5
2020-07-25 19:19:49.738713,8.5,1953.93
2020-07-25 19:19:54.747044,8.88,2041.55
2020-07-25 19:19:59.752367,8.35,1919.92
2020-07-25 19:20:04.756695,8.1,1862.02
2020-07-25 19:20:09.766022,8.88,2041.61
2020-07-25 19:20:14.771348,8.52,1958.97
2020-07-25 19:20:19.775730,7.88,1811.78
2020-07-25 19:20:24.784006,8.84,2032.6
2020-07-25 19:20:29.789330,8.44,1942.19
2020-07-25 19:20:34.794654,8.62,1983.01
2020-07-25 19:20:39.802985,8.86,2038.06
2020-07-25 19:20:44.808308,8.2,1886.87
2020-07-25 19:20:49.816640,8.43,1937.86
2020-07-25 19:20:54.822000,8.52,1958.71
2020-07-25 19:20:59.827289,8.37,1925.01
2020-07-25 19:21:04.836617,8.52,1960.58
2020-07-25 19:21:09.840943,8.5,1956.0
2020-07-25 19:21:14.845271,8.43,1938.84
2020-07-25 19:21:19.854888,8.26,1898.95
2020-07-25 19:21:24.859218,8.96,2060.43
2020-07-25 19:21:29.867545,8.43,1938.01
2020-07-25 19:21:34.872764,8.2,1885.31
2020-07-25 19:21:39.878087,8.86,2036.78
2020-07-25 19:21:44.886418,8.53,1961.25
2020-07-25 19:21:49.891775,8.09,1860.74
2020-07-25 19:21:54.897068,8.91,2048.56
2020-07-25 19:21:59.901394,8.49,1953.15
2020-07-25 19:22:04.910723,8.1,1862.23
2020-07-25 19:22:09.915050,8.88,2043.13
2020-07-25 19:22:14.924377,8.9,2047.41
2020-07-25 19:22:19.928705,8.22,1890.53
2020-07-25 19:22:24.934029,8.88,2043.3
2020-07-25 19:22:29.942360,8.51,1956.21
2020-07-25 19:22:34.947686,8.07,1856.78
2020-07-25 19:22:39.953009,8.7,2001.87
2020-07-25 19:22:44.961340,9.0,2070.42
2020-07-25 19:22:49.966664,7.98,1835.3
2020-07-25 19:22:54.970992,8.96,2061.15
2020-07-25 19:22:59.980318,8.33,1916.74
2020-07-25 19:23:04.984646,8.12,1868.27
2020-07-25 19:23:09.989969,9.02,2074.03
2020-07-25 19:23:14.999299,8.28,1905.16
2020-07-25 19:23:20.003627,8.11,1866.45
2020-07-25 19:23:25.011955,2.68,616.43
2020-07-25 19:23:30.017281,3.26,750.07
2020-07-25 19:23:35.022605,0.63,143.83
2020-07-25 19:23:40.030935,2.28,524.35
2020-07-25 19:23:45.036258,2.56,589.4
2020-07-25 19:23:50.041585,0.68,155.62
2020-07-25 19:23:55.045914,2.33,536.91
2020-07-25 19:24:00.055240,2.62,602.34
2020-07-25 19:24:05.059567,0.43,99.65
2020-07-25 19:24:10.068894,2.88,661.69
2020-07-25 19:24:15.073222,3.19,732.87
2020-07-25 19:24:20.078546,0.19,43.65
2020-07-25 19:24:25.086876,2.67,614.93
2020-07-25 19:24:30.092215,2.62,601.58
2020-07-25 19:24:35.096700,1.18,270.48
2020-07-25 19:24:40.106029,2.36,542.53
2020-07-25 19:24:45.111355,3.29,756.81
2020-07-25 19:24:50.115717,0.97,224.04
2020-07-25 19:24:55.125010,1.95,447.54
2020-07-25 19:25:00.129338,3.06,703.67
2020-07-25 19:25:05.138663,0.89,205.78
2020-07-25 19:25:10.142992,1.61,370.97
2020-07-25 19:25:15.148316,3.05,701.74
2020-07-25 19:25:20.156648,0.91,208.88
2020-07-25 19:25:25.161990,1.64,378.05
2020-07-25 19:25:30.167297,3.32,762.81
2020-07-25 19:25:35.175710,1.41,324.93
2020-07-25 19:25:40.180951,1.97,454.09
2020-07-25 19:25:45.185279,2.69,619.25
2020-07-25 19:25:50.194606,1.37,314.48
2020-07-25 19:25:55.198933,1.86,427.35
2020-07-25 19:26:00.204257,3.03,697.22
2020-07-25 19:26:05.212588,0.85,196.01
2020-07-25 19:26:10.217990,1.69,389.23
2020-07-25 19:26:15.223238,2.91,668.74
2020-07-25 19:26:20.231568,1.05,241.64
2020-07-25 19:26:25.236892,1.93,443.43
2020-07-25 19:26:30.241220,2.91,669.23
2020-07-25 19:26:35.250547,1.14,262.86
2020-07-25 19:26:40.254874,2.21,508.2
2020-07-25 19:26:45.264209,2.96,681.91
2020-07-25 19:26:50.269527,0.97,224.12
2020-07-25 19:26:55.273855,1.91,439.68
2020-07-25 19:27:00.283182,3.05,700.99
2020-07-25 19:27:05.287510,1.2,275.84
2020-07-25 19:27:10.292833,2.07,476.51
2020-07-25 19:27:15.301164,2.44,560.14
2020-07-25 19:27:20.306487,0.96,220.28
2020-07-25 19:27:25.314819,1.86,428.21
2020-07-25 19:27:30.320145,2.51,577.63
2020-07-25 19:27:35.325083,1.14,262.71
2020-07-25 19:27:40.333413,1.79,410.86
2020-07-25 19:27:45.338739,3.09,709.84
2020-07-25 19:27:50.344063,0.64,147.97
2020-07-25 19:27:55.348391,1.38,316.58
2020-07-25 19:28:00.357718,2.62,602.99
2020-07-25 19:28:05.362046,1.45,332.76
2020-07-25 19:28:10.371383,1.57,360.63
2020-07-25 19:28:15.376698,3.11,716.26
2020-07-25 19:28:20.381110,1.94,446.38
2020-07-25 19:28:25.390352,-0.01,-2.91
2020-07-25 19:28:30.394681,1.37,315.82
2020-07-25 19:28:35.400004,2.56,587.81
2020-07-25 19:28:40.408335,1.38,317.86
2020-07-25 19:28:45.413658,1.37,316.2
2020-07-25 19:28:50.417987,1.35,310.36
2020-07-25 19:28:55.427371,1.61,369.94
2020-07-25 19:29:00.432639,1.35,311.43
2020-07-25 19:29:05.436972,0.95,218.03
2020-07-25 19:29:10.446293,2.82,649.58
2020-07-25 19:29:15.450618,3.13,719.92
2020-07-25 19:29:20.455945,0.29,66.27
2020-07-25 19:29:25.464276,2.85,655.14
2020-07-25 19:29:30.469600,2.71,622.94
2020-07-25 19:29:35.474926,0.62,142.11
2020-07-25 19:29:40.483258,2.68,616.46
2020-07-25 19:29:45.488580,3.17,729.11
2020-07-25 19:29:50.492912,0.4,93.11
2020-07-25 19:29:55.502234,2.6,597.48
2020-07-25 19:30:00.506563,3.22,741.13
2020-07-25 19:30:05.515889,0.79,182.24
2020-07-25 19:30:10.521214,2.4,552.97
2020-07-25 19:30:15.525558,2.02,465.48
2020-07-25 19:30:20.533871,0.48,110.55
2020-07-25 19:30:25.539197,1.86,428.51
2020-07-25 19:30:30.544521,0.73,168.93
2020-07-25 19:30:35.552852,1.85,426.46
2020-07-25 19:30:40.558113,1.52,348.92
2020-07-25 19:30:45.562441,1.17,269.02
2020-07-25 19:30:50.571769,1.12,257.52
2020-07-25 19:30:55.577093,1.03,236.29
2020-07-25 19:31:00.585424,1.3,298.35
2020-07-25 19:31:05.590748,1.15,263.84
2020-07-25 19:31:10.595076,1.63,374.7
2020-07-25 19:31:15.604402,2.64,607.06
2020-07-25 19:31:20.609731,1.33,306.04
2020-07-25 19:31:25.614053,1.4,322.61
2020-07-25 19:31:30.619380,2.73,627.96
2020-07-25 19:31:35.627707,0.84,193.75
2020-07-25 19:31:40.633034,1.92,442.02
2020-07-25 19:31:45.641365,2.98,686.42
2020-07-25 19:31:50.646689,1.14,262.51
2020-07-25 19:31:55.651017,2.06,474.0
2020-07-25 19:32:00.660344,2.74,630.33
2020-07-25 19:32:05.665669,1.29,296.87
2020-07-25 19:32:10.669994,2.09,479.74
2020-07-25 19:32:15.679324,3.08,708.39
2020-07-25 19:32:20.684650,0.97,223.35
2020-07-25 19:32:25.688975,1.8,413.49
2020-07-25 19:32:30.698304,0.79,181.47
2020-07-25 19:32:35.702630,1.71,394.33
2020-07-25 19:32:40.711958,1.83,420.35
2020-07-25 19:32:45.716286,1.5,344.33
2020-07-25 19:32:50.721618,0.86,197.68
2020-07-25 19:32:55.729938,1.55,356.55
2020-07-25 19:33:00.735265,1.2,277.15
2020-07-25 19:33:05.739590,1.17,270.03
2020-07-25 19:33:10.748919,1.37,314.74
2020-07-25 19:33:15.754246,2.95,679.55
2020-07-25 19:33:20.762574,2.21,508.78
2020-07-25 19:33:25.766901,1.34,308.47
2020-07-25 19:33:30.772225,2.72,626.44
2020-07-25 19:33:35.777551,2.88,661.41
2020-07-25 19:33:40.786759,1.0,228.87
2020-07-25 19:33:45.791085,2.7,620.38
2020-07-25 19:33:50.796411,2.33,537.03
2020-07-25 19:33:55.804741,0.93,213.61
2020-07-25 19:34:00.810076,2.89,665.82
2020-07-25 19:34:05.818396,2.35,541.5
2020-07-25 19:34:10.823720,0.62,143.61
2020-07-25 19:34:15.829046,2.69,619.83
2020-07-25 19:34:20.837374,2.35,539.77
2020-07-25 19:34:25.842700,1.07,246.99
2020-07-25 19:34:30.847026,1.86,427.93
2020-07-25 19:34:35.855357,0.75,172.36
2020-07-25 19:34:40.860681,2.59,596.65
2020-07-25 19:34:45.866007,1.02,234.3
2020-07-25 19:34:50.874337,1.68,385.56
2020-07-25 19:34:55.879661,1.43,329.47
2020-07-25 19:35:00.884987,1.57,361.76
2020-07-25 19:35:05.893315,1.35,309.47
2020-07-25 19:35:10.898641,0.49,111.99
2020-07-25 19:35:15.902970,2.58,594.13
2020-07-25 19:35:20.912296,3.29,756.37
2020-07-25 19:35:25.916624,-0.03,-6.2
2020-07-25 19:35:30.921948,3.27,753.04
2020-07-25 19:35:35.931285,2.82,649.39
2020-07-25 19:35:40.935602,-0.02,-5.36
2020-07-25 19:35:45.940928,2.92,672.71
2020-07-25 19:35:50.949256,3.08,708.71
2020-07-25 19:35:55.954589,-0.02,-5.52
2020-07-25 19:36:00.962915,2.72,625.79
2020-07-25 19:36:05.968237,2.76,635.42
2020-07-25 19:36:10.972565,-0.03,-6.27
2020-07-25 19:36:15.981898,3.46,795.18
2020-07-25 19:36:20.987222,2.68,615.29
2020-07-25 19:36:25.991543,-0.01,-2.67
2020-07-25 19:36:30.999872,3.26,749.6
2020-07-25 19:36:36.005199,1.32,302.72
2020-07-25 19:36:41.010432,3.02,694.82
2020-07-25 19:36:46.019761,1.5,345.87
2020-07-25 19:36:51.024086,1.15,265.65
2020-07-25 19:36:56.032417,2.76,634.4
2020-07-25 19:37:01.037741,1.52,349.11
2020-07-25 19:37:06.043067,1.29,297.65
2020-07-25 19:37:11.051654,3.14,722.81
2020-07-25 19:37:16.056721,1.86,427.9
2020-07-25 19:37:21.062049,1.1,253.98
2020-07-25 19:37:26.066373,2.4,551.73
2020-07-25 19:37:31.074704,1.81,415.39
2020-07-25 19:37:36.080027,1.44,331.93
2020-07-25 19:37:41.089356,2.5,574.57
2020-07-25 19:37:46.093681,1.64,377.26
2020-07-25 19:37:51.099008,1.32,302.77
2020-07-25 19:37:56.107339,2.38,548.02
2020-07-25 19:38:01.112662,1.44,332.06
2020-07-25 19:38:06.117988,1.19,273.81
2020-07-25 19:38:11.126317,2.43,557.78
2020-07-25 19:38:16.130644,2.16,496.4
2020-07-25 19:38:21.135968,1.54,354.36
2020-07-25 19:38:26.145297,2.31,531.13
2020-07-25 19:38:31.149625,2.25,517.28
2020-07-25 19:38:36.157953,-0.03,-6.67
2020-07-25 19:38:41.164278,0.07,15.06
2020-07-25 19:38:46.168603,0.08,18.94
2020-07-25 19:38:51.177931,0.11,26.33
2020-07-25 19:38:56.182258,0.07,15.88
2020-07-25 19:39:01.187584,0.11,25.85
2020-07-25 19:39:06.195913,0.8,183.88
2020-07-25 19:39:11.201238,3.08,708.06
2020-07-25 19:39:16.209569,3.41,784.77
2020-07-25 19:39:21.214893,1.18,271.83
2020-07-25 19:39:26.220219,0.79,180.78
2020-07-25 19:39:31.224544,0.78,179.04
2020-07-25 19:39:36.232875,1.04,239.16
2020-07-25 19:39:41.237886,0.69,159.38
2020-07-25 19:39:46.243210,0.69,158.25
2020-07-25 19:39:51.251541,0.81,186.4
2020-07-25 19:39:56.256864,1.06,243.39
2020-07-25 19:40:01.265194,0.71,163.27
2020-07-25 19:40:06.270521,3.2,735.42
2020-07-25 19:40:11.275845,3.42,786.99
2020-07-25 19:40:16.284174,0.89,205.16
2020-07-25 19:40:21.289499,0.76,175.49
2020-07-25 19:40:26.293827,1.14,262.14
2020-07-25 19:40:31.303153,0.97,223.1
2020-07-25 19:40:36.308480,0.73,168.19
2020-07-25 19:40:41.312833,0.77,177.59
2020-07-25 19:40:46.322134,0.9,206.6
2020-07-25 19:40:51.326462,1.25,288.26
2020-07-25 19:40:56.331786,1.19,272.86
2020-07-25 19:41:01.340116,1.16,265.66
2020-07-25 19:41:06.345440,0.51,116.16
2020-07-25 19:41:11.353771,0.64,147.57
2020-07-25 19:41:16.359109,0.74,169.37
2020-07-25 19:41:21.364421,0.66,152.65
2020-07-25 19:41:26.368831,0.7,159.93
2020-07-25 19:41:31.378077,1.02,233.98
2020-07-25 19:41:36.382401,0.62,142.4
2020-07-25 19:41:41.387727,2.36,542.36
2020-07-25 19:41:46.396057,2.26,519.03
2020-07-25 19:41:51.401381,1.14,261.31
2020-07-25 19:41:56.409711,0.64,146.24
2020-07-25 19:42:01.415106,0.8,184.57
2020-07-25 19:42:06.420362,1.11,254.79
2020-07-25 19:42:11.428692,0.8,184.54
2020-07-25 19:42:16.434016,0.62,141.58
2020-07-25 19:42:21.438344,0.62,141.61
2020-07-25 19:42:26.447670,0.59,136.63
2020-07-25 19:42:31.452996,0.44,102.23
2020-07-25 19:42:36.457322,2.53,581.04
2020-07-25 19:42:41.466623,2.75,633.59
2020-07-25 19:42:46.470954,1.06,244.88
2020-07-25 19:42:51.480279,0.82,189.15
2020-07-25 19:42:56.484603,1.17,269.21
2020-07-25 19:43:01.489931,1.19,273.02
2020-07-25 19:43:06.498259,1.02,234.74
2020-07-25 19:43:11.503585,1.0,230.14
2020-07-25 19:43:16.508912,1.03,236.38
2020-07-25 19:43:21.517328,1.1,252.33
2020-07-25 19:43:26.522565,0.28,63.28
2020-07-25 19:43:31.526891,0.62,142.79
2020-07-25 19:43:36.536219,2.08,478.47
2020-07-25 19:43:41.540546,0.11,24.48
2020-07-25 19:43:46.545871,1.39,320.43
2020-07-25 19:43:51.554200,1.91,438.55
2020-07-25 19:43:56.559578,0.78,178.47
2020-07-25 19:44:01.568854,0.72,165.12
2020-07-25 19:44:06.876382,0.7,160.35
2020-07-25 19:44:11.578506,0.93,215.0
2020-07-25 19:44:16.586836,0.76,174.42
2020-07-25 19:44:21.592160,0.63,143.99
2020-07-25 19:44:26.596486,0.67,154.77
2020-07-25 19:44:31.605855,1.21,277.37
2020-07-25 19:44:36.611141,0.89,205.64
2020-07-25 19:44:41.619475,1.06,244.61
2020-07-25 19:44:46.624795,0.51,116.67
2020-07-25 19:44:51.629123,0.79,181.93
2020-07-25 19:44:56.638449,0.93,214.29
2020-07-25 19:45:01.642779,0.86,198.12
2020-07-25 19:45:06.648126,0.95,219.18
2020-07-25 19:45:11.657430,1.25,288.19
2020-07-25 19:45:16.661759,1.43,329.62
2020-07-25 19:45:21.667082,0.7,161.03
2020-07-25 19:45:26.675413,0.44,100.22
2020-07-25 19:45:31.680737,0.38,86.44
2020-07-25 19:45:36.689066,0.5,113.9
2020-07-25 19:45:41.694787,0.86,196.7
2020-07-25 19:45:46.700113,1.02,234.82
2020-07-25 19:45:51.704439,0.98,226.24
2020-07-25 19:45:56.712770,1.3,299.93
2020-07-25 19:46:01.718093,1.56,358.42
2020-07-25 19:46:06.723419,1.17,269.41
2020-07-25 19:46:11.731748,0.89,204.05
2020-07-25 19:46:16.736076,1.06,244.69
2020-07-25 19:46:21.745402,0.93,214.8
2020-07-25 19:46:26.750728,1.06,244.43
2020-07-25 19:46:31.755053,0.87,201.08
2020-07-25 19:46:36.763382,0.95,219.14
2020-07-25 19:46:41.768711,0.99,227.17
2020-07-25 19:46:46.774034,0.99,228.25
2020-07-25 19:46:51.783371,0.96,220.87
2020-07-25 19:46:56.787688,1.09,250.08
2020-07-25 19:47:01.793015,0.9,207.19
2020-07-25 19:47:06.801343,0.1,22.87
2020-07-25 19:47:11.806670,0.1,23.95
2020-07-25 19:47:16.810994,0.1,22.93
2020-07-25 19:47:21.820324,0.12,28.1
2020-07-25 19:47:26.824652,0.08,18.78
2020-07-25 19:47:31.833978,-0.01,-1.81
2020-07-25 19:47:36.838305,0.0,0.16
2020-07-25 19:47:41.843631,-0.02,-5.7
2020-07-25 19:47:46.847956,0.01,1.97
2020-07-25 19:47:51.857287,-0.02,-3.81
2020-07-25 19:47:56.862610,-0.02,-3.9
2020-07-25 19:48:01.866938,-0.01,-3.32
2020-07-25 19:48:06.876265,-0.02,-4.1
2020-07-25 19:48:11.880593,-0.02,-4.31
2020-07-25 19:48:16.889919,1.63,374.78
2020-07-25 19:48:21.895245,1.71,393.79
2020-07-25 19:48:26.899580,0.35,79.71
2020-07-25 19:48:31.908900,1.75,403.63
2020-07-25 19:48:36.914225,2.05,472.03
2020-07-25 19:48:41.918786,0.31,70.3
2020-07-25 19:48:46.927116,2.47,567.54
2020-07-25 19:48:51.932440,2.5,576.04
2020-07-25 19:48:56.937770,0.78,178.55
2020-07-25 19:49:01.946096,3.04,699.25
2020-07-25 19:49:06.950422,2.64,606.75
2020-07-25 19:49:11.955746,1.58,363.44
2020-07-25 19:49:16.965076,2.57,590.65
2020-07-25 19:49:21.969403,3.67,843.45
2020-07-25 19:49:26.977731,3.16,727.72
2020-07-25 19:49:31.983057,2.91,669.02
2020-07-25 19:49:36.988381,0.49,113.16
2020-07-25 19:49:41.996712,3.25,748.45
2020-07-25 19:49:47.002036,3.79,872.15
2020-07-25 19:49:52.007372,0.7,160.47
2020-07-25 19:49:57.015689,3.11,715.41
2020-07-25 19:50:02.020016,3.2,735.42
2020-07-25 19:50:07.025344,0.36,83.18
2020-07-25 19:50:12.034671,3.24,745.69
2020-07-25 19:50:17.038998,3.24,746.14
2020-07-25 19:50:22.048325,0.5,114.69
2020-07-25 19:50:27.053651,2.13,489.02
2020-07-25 19:50:32.057976,3.29,756.96
2020-07-25 19:50:37.066304,0.9,207.45
2020-07-25 19:50:42.071632,2.3,528.11
2020-07-25 19:50:47.076957,3.71,854.0
2020-07-25 19:50:52.085288,0.7,162.13
2020-07-25 19:50:57.090612,3.2,736.91
2020-07-25 19:51:02.098942,3.43,789.79
2020-07-25 19:51:07.104265,0.56,129.83
2020-07-25 19:51:12.109595,2.95,678.76
2020-07-25 19:51:17.113918,3.43,788.58
2020-07-25 19:51:22.123247,1.47,337.75
2020-07-25 19:51:27.127575,3.36,771.74
2020-07-25 19:51:32.136900,3.11,715.33
2020-07-25 19:51:37.141227,1.26,288.93
2020-07-25 19:51:42.146489,2.37,545.38
2020-07-25 19:51:47.154816,3.67,844.41
2020-07-25 19:51:52.160143,0.94,215.83
2020-07-25 19:51:57.165470,2.51,576.34
2020-07-25 19:52:02.173799,3.51,807.2
2020-07-25 19:52:07.179124,1.36,313.72
2020-07-25 19:52:12.183452,2.3,528.77
2020-07-25 19:52:17.192779,3.31,761.01
2020-07-25 19:52:22.197109,1.39,319.15
2020-07-25 19:52:27.202431,1.94,445.85
2020-07-25 19:52:32.210760,3.63,833.96
2020-07-25 19:52:37.216093,1.64,377.84
2020-07-25 19:52:42.225414,2.23,513.19
2020-07-25 19:52:47.229741,3.61,829.22
2020-07-25 19:52:52.235065,1.79,411.85
2020-07-25 19:52:57.243396,2.22,510.12
2020-07-25 19:53:02.248720,3.49,802.92
2020-07-25 19:53:07.253045,1.55,356.24
2020-07-25 19:53:12.262374,2.29,527.67
2020-07-25 19:53:17.267700,2.72,625.39
2020-07-25 19:53:22.272030,1.28,294.7
2020-07-25 19:53:27.281355,-0.03,-6.14
2020-07-25 19:53:32.285687,0.11,25.92
2020-07-25 19:53:37.291006,0.12,26.73
2020-07-25 19:53:42.299337,0.07,16.42
2020-07-25 19:53:47.304661,0.1,22.38
2020-07-25 19:53:52.312988,0.06,14.56
2020-07-25 19:53:57.318316,0.11,25.08
2020-07-25 19:54:02.322639,0.1,22.12
2020-07-25 19:54:07.327969,1.59,366.7
2020-07-25 19:54:12.337296,3.25,747.99
2020-07-25 19:54:17.342622,3.26,750.17
2020-07-25 19:54:22.349952,0.94,217.12
2020-07-25 19:54:27.356276,1.06,243.63
2020-07-25 19:54:32.360602,0.82,189.42
2020-07-25 19:54:37.369931,0.79,181.22
2020-07-25 19:54:42.374470,1.02,234.41
2020-07-25 19:54:47.379797,1.06,244.06
2020-07-25 19:54:52.388125,1.08,248.88
2020-07-25 19:54:57.393451,0.93,212.95
2020-07-25 19:55:02.397777,1.67,383.04
2020-07-25 19:55:07.407105,2.39,550.69
2020-07-25 19:55:12.411433,2.68,617.5
2020-07-25 19:55:17.416757,0.98,225.71
2020-07-25 19:55:22.425088,0.91,208.92
2020-07-25 19:55:27.430411,1.02,234.14
2020-07-25 19:55:32.435737,0.84,192.9
2020-07-25 19:55:37.444065,1.05,242.47
2020-07-25 19:55:42.448393,0.8,183.55
2020-07-25 19:55:47.457719,0.78,179.7
2020-07-25 19:55:52.463048,0.75,171.38
2020-07-25 19:55:57.467375,1.39,318.63
2020-07-25 19:56:02.476701,3.21,739.29
2020-07-25 19:56:07.481027,3.17,728.85
2020-07-25 19:56:12.486353,1.09,250.93
2020-07-25 19:56:17.495682,0.89,205.76
2020-07-25 19:56:22.500006,0.92,211.75
2020-07-25 19:56:27.509343,1.07,246.11
2020-07-25 19:56:32.514663,1.05,240.38
2020-07-25 19:56:37.518987,1.06,243.43
2020-07-25 19:56:42.527318,0.93,213.6
2020-07-25 19:56:47.532642,0.91,209.55
2020-07-25 19:56:52.536970,1.84,423.05
2020-07-25 19:56:57.546300,3.28,755.27
2020-07-25 19:57:02.551622,2.23,512.09
2020-07-25 19:57:07.556949,1.02,234.18
2020-07-25 19:57:12.565277,1.1,252.07
2020-07-25 19:57:17.569605,0.91,209.47
2020-07-25 19:57:22.578931,0.82,188.69
2020-07-25 19:57:27.584257,0.94,216.25
2020-07-25 19:57:32.588583,1.12,257.88
2020-07-25 19:57:37.596914,1.03,236.56
2020-07-25 19:57:42.602357,0.63,145.76
2020-07-25 19:57:47.607690,0.1,22.96
2020-07-25 19:57:52.612010,2.0,458.98
2020-07-25 19:57:57.621338,1.12,258.23
2020-07-25 19:58:02.622067,0.85,194.78
2020-07-25 19:58:07.622129,2.39,550.45
2020-07-25 19:58:12.638002,1.35,311.39
2020-07-25 19:58:17.639657,1.08,249.34
2020-07-25 19:58:22.652604,1.18,270.64
2020-07-25 19:58:27.658221,1.01,232.38
2020-07-25 19:58:32.658491,0.73,166.86
2020-07-25 19:58:37.658735,2.75,632.33
2020-07-25 19:58:42.674607,2.42,557.3
2020-07-25 19:58:47.676209,0.68,156.07
2020-07-25 19:58:52.677872,0.95,219.46
2020-07-25 19:58:57.686759,0.82,189.05
2020-07-25 19:59:02.695443,1.03,238.03
2020-07-25 19:59:07.695689,0.75,173.51
2020-07-25 19:59:12.711560,0.84,194.26
2020-07-25 19:59:17.711824,0.8,184.92
2020-07-25 19:59:22.713293,1.26,290.85
2020-07-25 19:59:27.730548,1.11,254.95
2020-07-25 19:59:32.732886,0.94,217.31
2020-07-25 19:59:37.733131,0.55,126.97
2020-07-25 19:59:42.749002,0.63,144.23
2020-07-25 19:59:47.750698,0.82,189.18
2020-07-25 19:59:52.750944,1.03,237.98
2020-07-25 19:59:57.762270,1.02,234.39
2020-07-25 20:00:02.775382,1.85,425.48
2020-07-25 20:00:07.770794,1.94,446.35
2020-07-25 20:00:12.792169,0.87,199.66
2020-07-25 20:00:17.793778,0.4,92.74
2020-07-25 20:00:22.794095,0.37,85.41
2020-07-25 20:00:27.794317,0.43,99.86
2020-07-25 20:00:32.810188,0.51,118.24
2020-07-25 20:00:37.810433,0.99,228.09
2020-07-25 20:00:42.813450,0.7,160.36
2020-07-25 20:00:47.820516,1.12,256.82
2020-07-25 20:00:52.836411,1.58,363.26
2020-07-25 20:00:57.837710,1.28,294.81
2020-07-25 20:01:02.840404,0.78,179.74
2020-07-25 20:01:07.855236,0.97,222.09
2020-07-25 20:01:12.855481,1.01,233.25
2020-07-25 20:01:17.872289,0.85,194.58
2020-07-25 20:01:22.865919,0.97,224.23
2020-07-25 20:01:27.883353,0.8,185.1
2020-07-25 20:01:32.883622,1.04,239.45
2020-07-25 20:01:37.883868,0.9,206.13
2020-07-25 20:01:42.899740,1.05,240.8
2020-07-25 20:01:47.901061,1.02,234.82
2020-07-25 20:01:52.901327,0.72,165.45
2020-07-25 20:01:57.918235,0.38,87.67
2020-07-25 20:02:02.914175,0.09,19.72
2020-07-25 20:02:07.930029,0.09,20.96
2020-07-25 20:02:12.931580,0.12,26.92
2020-07-25 20:02:17.942725,0.09,19.68
2020-07-25 20:02:22.948835,0.08,18.81
2020-07-25 20:02:27.949080,0.04,8.43
2020-07-25 20:02:32.956195,-0.01,-1.65
2020-07-25 20:02:37.972081,0.01,1.6
2020-07-25 20:02:42.972330,0.02,4.42
2020-07-25 20:02:47.973945,-0.02,-3.78
2020-07-25 20:02:52.989817,0.01,3.37
2020-07-25 20:02:57.990062,-0.0,-0.65
2020-07-25 20:03:02.990290,-0.01,-2.92
2020-07-25 20:03:08.000725,1.07,246.83
2020-07-25 20:03:13.008522,2.41,553.3
2020-07-25 20:03:18.025846,1.23,283.91
2020-07-25 20:03:23.027285,1.12,257.78
2020-07-25 20:03:28.028416,2.26,519.18
2020-07-25 20:03:33.044288,1.88,431.41
2020-07-25 20:03:38.045998,1.51,346.88
2020-07-25 20:03:43.039430,2.35,541.27
2020-07-25 20:03:48.058687,2.1,484.07
2020-07-25 20:03:53.059897,1.73,398.22
2020-07-25 20:03:58.060145,2.31,530.55
2020-07-25 20:04:03.077256,1.77,407.38
2020-07-25 20:04:08.077490,2.03,466.67
2020-07-25 20:04:13.077748,2.86,658.22
2020-07-25 20:04:18.088846,1.41,324.99
2020-07-25 20:04:23.095160,2.96,679.98
2020-07-25 20:04:28.095406,3.5,805.39
2020-07-25 20:04:33.112407,1.34,308.73
2020-07-25 20:04:38.112644,2.79,642.04
2020-07-25 20:04:43.128960,3.44,791.46
2020-07-25 20:04:48.130515,1.59,364.57
2020-07-25 20:04:53.130739,2.39,549.16
2020-07-25 20:04:58.148793,3.95,908.64
2020-07-25 20:05:03.149053,1.52,350.29
2020-07-25 20:05:08.149300,1.98,454.99
2020-07-25 20:05:13.166917,3.15,723.59
2020-07-25 20:05:18.168662,1.49,342.98
2020-07-25 20:05:23.170281,2.51,577.82
2020-07-25 20:05:28.188454,3.38,777.28
2020-07-25 20:05:33.190485,1.54,355.04
2020-07-25 20:05:38.190731,2.63,603.94
2020-07-25 20:05:43.199306,3.45,794.35
2020-07-25 20:05:48.199943,1.19,274.13
2020-07-25 20:05:53.215815,2.12,488.47
2020-07-25 20:05:58.216060,4.31,991.98
2020-07-25 20:06:03.216307,0.68,157.14
2020-07-25 20:06:08.236962,2.53,581.78
2020-07-25 20:06:13.237229,3.22,739.66
2020-07-25 20:06:18.238703,1.64,378.24
2020-07-25 20:06:23.240154,2.61,601.36
2020-07-25 20:06:28.256028,3.29,757.2
2020-07-25 20:06:33.257557,1.6,369.14
2020-07-25 20:06:38.258568,2.24,514.14
2020-07-25 20:06:43.280983,3.51,808.15
2020-07-25 20:06:48.276059,1.07,245.84
2020-07-25 20:06:53.291908,1.95,449.12
2020-07-25 20:06:58.292177,3.18,730.34
2020-07-25 20:07:03.295232,1.49,342.07
2020-07-25 20:07:08.311079,2.42,556.54
2020-07-25 20:07:13.312753,3.99,918.32
2020-07-25 20:07:18.319827,1.51,347.59
2020-07-25 20:07:23.321283,2.66,612.65
2020-07-25 20:07:28.337133,3.02,695.02
2020-07-25 20:07:33.331207,2.4,550.92
2020-07-25 20:07:38.339749,1.86,428.89
2020-07-25 20:07:43.355146,3.78,870.53
2020-07-25 20:07:48.356730,2.62,602.05
2020-07-25 20:07:53.369580,1.72,395.68
2020-07-25 20:07:58.369825,3.57,820.79
2020-07-25 20:08:03.370071,1.79,411.92
2020-07-25 20:08:08.385943,1.91,439.08
2020-07-25 20:08:13.386172,3.88,893.4
2020-07-25 20:08:18.402058,1.94,446.35
2020-07-25 20:08:23.403435,1.67,384.09
2020-07-25 20:08:28.403681,3.7,851.59
2020-07-25 20:08:33.414791,2.58,594.06
2020-07-25 20:08:38.415053,1.73,397.38
2020-07-25 20:08:43.430925,3.64,836.65
2020-07-25 20:08:48.431150,2.01,462.19
2020-07-25 20:08:53.431416,1.26,288.84
2020-07-25 20:08:58.447290,4.46,1025.35
2020-07-25 20:09:03.447534,2.02,465.17
2020-07-25 20:09:08.449299,1.94,445.07
2020-07-25 20:09:13.465861,2.66,612.4
2020-07-25 20:09:18.467500,2.32,533.25
2020-07-25 20:09:23.469002,1.87,429.73
2020-07-25 20:09:28.486391,3.11,714.88
2020-07-25 20:09:33.486638,1.96,450.4
2020-07-25 20:09:38.486885,2.13,490.3
2020-07-25 20:09:43.502053,3.41,785.0
2020-07-25 20:09:48.503594,2.38,547.71
2020-07-25 20:09:53.519368,0.43,99.54
2020-07-25 20:09:58.521859,4.02,924.57
2020-07-25 20:10:03.524652,3.17,729.51
2020-07-25 20:10:08.524876,0.41,94.23
2020-07-25 20:10:13.541918,3.43,789.85
2020-07-25 20:10:18.545934,2.83,650.5
2020-07-25 20:10:23.543239,0.91,208.85
2020-07-25 20:10:28.559111,3.42,787.66
2020-07-25 20:10:33.560728,2.87,660.8
2020-07-25 20:10:38.578018,1.26,290.5
2020-07-25 20:10:43.578264,3.79,872.81
2020-07-25 20:10:48.579762,2.55,586.28
2020-07-25 20:10:53.596669,0.55,127.65
2020-07-25 20:10:58.597055,3.38,777.0
2020-07-25 20:11:03.597301,3.47,798.92
2020-07-25 20:11:08.613150,0.47,108.29
2020-07-25 20:11:13.613419,3.7,851.08
2020-07-25 20:11:18.613665,3.35,769.93
2020-07-25 20:11:23.630804,0.23,53.88
2020-07-25 20:11:28.631028,3.65,838.88
2020-07-25 20:11:33.635324,3.12,717.38
2020-07-25 20:11:38.652436,0.15,34.41
2020-07-25 20:11:43.653748,3.84,882.29
2020-07-25 20:11:48.653975,3.57,821.08
2020-07-25 20:11:53.671291,-0.01,-2.13
2020-07-25 20:11:58.671519,3.17,728.95
2020-07-25 20:12:03.673256,3.16,726.73
2020-07-25 20:12:08.679248,-0.02,-4.01
2020-07-25 20:12:13.695111,3.9,896.52
2020-07-25 20:12:18.696521,3.1,711.94
2020-07-25 20:12:23.698036,-0.01,-2.25
2020-07-25 20:12:28.713912,4.51,1038.02
2020-07-25 20:12:33.714156,3.54,813.76
2020-07-25 20:12:38.714402,-0.03,-6.5
2020-07-25 20:12:43.733879,4.11,944.29
2020-07-25 20:12:48.731154,3.08,707.91
2020-07-25 20:12:53.747049,-0.02,-5.39
2020-07-25 20:12:58.747295,3.83,881.24
2020-07-25 20:13:03.749900,3.29,756.22
2020-07-25 20:13:08.765773,-0.01,-2.83
2020-07-25 20:13:13.766019,3.46,795.79
2020-07-25 20:13:18.766932,4.03,926.29
2020-07-25 20:13:23.784049,-0.02,-5.07
2020-07-25 20:13:28.784277,2.89,664.72
2020-07-25 20:13:33.784541,3.09,710.77
2020-07-25 20:13:38.800412,-0.01,-3.14
2020-07-25 20:13:43.800802,3.48,799.54
2020-07-25 20:13:48.817943,3.26,750.53
2020-07-25 20:13:53.818211,-0.01,-3.3
2020-07-25 20:13:58.819267,3.31,761.34
2020-07-25 20:14:03.836237,3.67,843.74
2020-07-25 20:14:08.836509,-0.01,-2.72
2020-07-25 20:14:13.836751,3.82,879.35
2020-07-25 20:14:18.852624,3.5,805.59
2020-07-25 20:14:23.854170,-0.02,-3.92
2020-07-25 20:14:28.854416,0.01,2.06
2020-07-25 20:14:33.866108,0.09,21.79
2020-07-25 20:14:38.881981,0.11,25.43
2020-07-25 20:14:43.882226,0.1,23.2
2020-07-25 20:14:48.882472,0.11,24.49
2020-07-25 20:14:53.888280,0.09,19.81
2020-07-25 20:14:58.900981,0.07,16.64
2020-07-25 20:15:03.901228,0.13,29.77
2020-07-25 20:15:08.914721,3.53,812.83
2020-07-25 20:15:13.916094,3.97,913.33
2020-07-25 20:15:18.917561,2.29,527.8
2020-07-25 20:15:23.932659,1.02,235.7
2020-07-25 20:15:28.932903,0.68,156.9
2020-07-25 20:15:33.934632,0.96,221.33
2020-07-25 20:15:38.950505,0.75,171.49
2020-07-25 20:15:43.958067,0.97,222.24
2020-07-25 20:15:48.958313,0.96,219.75
2020-07-25 20:15:53.961913,1.0,230.41
2020-07-25 20:15:58.977784,0.7,161.05
2020-07-25 20:16:03.980094,2.58,592.6
2020-07-25 20:16:08.980339,3.49,803.73
2020-07-25 20:16:13.996188,2.0,459.13
2020-07-25 20:16:18.997245,0.95,218.69
2020-07-25 20:16:24.013223,0.94,215.57
2020-07-25 20:16:29.014817,0.53,121.68
2020-07-25 20:16:34.015063,0.91,210.21
2020-07-25 20:16:39.032539,0.96,221.54
2020-07-25 20:16:44.032303,0.82,188.32
2020-07-25 20:16:49.043725,1.04,239.6
2020-07-25 20:16:54.043781,1.41,325.32
2020-07-25 20:16:59.044791,0.98,224.28
2020-07-25 20:17:04.060662,0.45,103.08
2020-07-25 20:17:09.060908,0.48,110.38
2020-07-25 20:17:14.061154,0.81,185.77
2020-07-25 20:17:19.077026,0.69,158.61
2020-07-25 20:17:24.078477,1.07,246.77
2020-07-25 20:17:29.094342,0.81,187.04
2020-07-25 20:17:34.089240,2.0,459.4
2020-07-25 20:17:39.105112,1.04,240.28
2020-07-25 20:17:44.105358,0.5,115.91
2020-07-25 20:17:49.114991,0.34,79.3
2020-07-25 20:17:54.116437,0.38,86.99
2020-07-25 20:17:59.133697,0.51,117.79
2020-07-25 20:18:04.133942,0.95,218.67
2020-07-25 20:18:09.142229,0.77,176.08
2020-07-25 20:18:14.152221,0.81,186.19
2020-07-25 20:18:19.153733,1.78,408.37
2020-07-25 20:18:24.154190,1.58,364.39
2020-07-25 20:18:29.170084,0.86,198.48
2020-07-25 20:18:34.170329,1.05,240.45
2020-07-25 20:18:39.170574,0.85,195.39
2020-07-25 20:18:44.183313,0.93,213.99
2020-07-25 20:18:49.191223,0.99,227.84
2020-07-25 20:18:54.191466,0.89,205.6
2020-07-25 20:18:59.207338,1.25,287.34
2020-07-25 20:19:04.208946,1.08,249.18
2020-07-25 20:19:09.209192,1.0,230.9
2020-07-25 20:19:14.225063,0.95,219.06
2020-07-25 20:19:19.225309,0.87,199.42
2020-07-25 20:19:24.235759,0.84,192.93
2020-07-25 20:19:29.243777,0.92,211.38
2020-07-25 20:19:34.244022,0.95,218.43
2020-07-25 20:19:39.259872,0.94,216.49
2020-07-25 20:19:44.261518,0.95,218.81
2020-07-25 20:19:49.263030,0.93,213.74
2020-07-25 20:19:54.272562,0.92,212.23
2020-07-25 20:19:59.273612,0.92,212.32
2020-07-25 20:20:04.289473,0.93,213.97
2020-07-25 20:20:09.289730,0.79,182.47
2020-07-25 20:20:14.289978,0.99,227.12
2020-07-25 20:20:19.305846,0.9,207.66
2020-07-25 20:20:24.307346,1.01,231.77
2020-07-25 20:20:29.307592,0.93,213.52
2020-07-25 20:20:34.321023,0.96,220.64
2020-07-25 20:20:39.324902,0.94,215.21
2020-07-25 20:20:44.340770,0.91,210.04
2020-07-25 20:20:49.341019,0.99,227.33
2020-07-25 20:20:54.343950,0.99,226.86
2020-07-25 20:20:59.355318,0.96,220.14
2020-07-25 20:21:04.355543,0.96,219.85
2020-07-25 20:21:09.372236,0.93,213.94
2020-07-25 20:21:14.362606,0.99,228.79
2020-07-25 20:21:19.379656,0.91,209.63
2020-07-25 20:21:24.381114,1.03,237.78
2020-07-25 20:21:29.396984,1.0,229.45
2020-07-25 20:21:34.398557,0.98,226.28
2020-07-25 20:21:39.400617,0.91,208.41
2020-07-25 20:21:44.413612,0.97,222.54
2020-07-25 20:21:49.412657,1.01,231.38
2020-07-25 20:21:54.420847,0.98,225.58
2020-07-25 20:21:59.436696,0.96,219.85
2020-07-25 20:22:04.438238,0.96,221.92
2020-07-25 20:22:09.438484,0.87,200.74
2020-07-25 20:22:14.455702,0.92,211.3
2020-07-25 20:22:19.455970,1.08,248.33
2020-07-25 20:22:24.456357,0.95,218.56
2020-07-25 20:22:29.473662,1.0,230.98
2020-07-25 20:22:34.473905,0.93,214.13
2020-07-25 20:22:39.474153,0.11,25.78
2020-07-25 20:22:44.490024,0.08,18.61
2020-07-25 20:22:49.492955,0.11,24.24
2020-07-25 20:22:54.505913,0.1,23.3
2020-07-25 20:22:59.509517,0.09,20.32
2020-07-25 20:23:04.510655,0.09,21.35
2020-07-25 20:23:09.510898,0.3,69.54
2020-07-25 20:23:14.526772,1.46,334.71
2020-07-25 20:23:19.527248,0.84,194.17
2020-07-25 20:23:24.544093,0.37,84.37
2020-07-25 20:23:29.544361,1.55,356.32
2020-07-25 20:23:34.545888,0.34,78.15
2020-07-25 20:23:39.559955,1.12,257.62
2020-07-25 20:23:44.562628,1.22,281.73
2020-07-25 20:23:49.562898,-0.02,-5.69
2020-07-25 20:23:54.578764,1.21,278.59
2020-07-25 20:23:59.580422,0.84,193.52
2020-07-25 20:24:04.580667,0.31,70.98
2020-07-25 20:24:09.596539,1.45,334.48
2020-07-25 20:24:14.599585,-0.02,-3.65
2020-07-25 20:24:19.611489,-0.01,-2.91
2020-07-25 20:24:24.616395,-0.01,-1.44
2020-07-25 20:24:29.616633,-0.01,-2.83
2020-07-25 20:24:34.618230,-0.01,-2.21
2020-07-25 20:24:39.634104,-0.01,-2.75
2020-07-25 20:24:44.634799,-0.01,-1.84
2020-07-25 20:24:49.650661,-0.0,-0.88
2020-07-25 20:24:54.654738,-0.01,-2.28
2020-07-25 20:24:59.652560,-0.02,-3.63
2020-07-25 20:25:04.669694,-0.02,-5.62
2020-07-25 20:25:09.669961,-0.01,-2.98
2020-07-25 20:25:14.670207,-0.01,-3.4
2020-07-25 20:25:19.686078,-0.0,-1.03
2020-07-25 20:25:24.687605,-0.01,-2.43
2020-07-25 20:25:29.693679,-0.01,-1.2
2020-07-25 20:25:34.693925,-0.02,-3.54
2020-07-25 20:25:39.709795,-0.02,-3.47
2020-07-25 20:25:44.710024,-0.01,-1.43
2020-07-25 20:25:49.711402,-0.02,-3.68
2020-07-25 20:25:54.728404,-0.01,-3.18
2020-07-25 20:25:59.728649,-0.01,-1.71
